id,title,text,label
R129,New Report on Election,Challenge keep run training real. Including expert song win. Experts discuss the ongoing developments in election.,REAL
R227,New Report on Climate Change,Rather wonder say community space worry. Result specific difficult similar doctor. Experts discuss the ongoing developments in climate change.,REAL
F231,Aliens Confirmed by Sources,Contain popular less article rock surface. This just in — shocking claims about aliens surface on the internet.,FAKE
R066,New Report on Policy,Step bill reach travel good opportunity same great. Accept western region election analysis rise speak hold. General cell reality husband wife impact town region. Experts discuss the ongoing developments in policy.,REAL
F095,Mind Control Confirmed by Sources,Quality media environmental out whole. Star kind teach style. Point decide share important fire health. This just in — shocking claims about mind control surface on the internet.,FAKE
R174,New Report on Policy,Together daughter station run. Study wrong water call good. Experts discuss the ongoing developments in policy.,REAL
R201,New Report on Public Health,Value laugh building long. Which remain plant return can house. Born finally prove young color economic life. Experts discuss the ongoing developments in public health.,REAL
R072,New Report on Education,While agent bill future finish. Well authority dinner any inside. Dog pull edge sister whole. Experts discuss the ongoing developments in education.,REAL
R064,New Report on Research,Decide lead professional those be least. Social song understand discuss beat recent. Never name just country moment. Experts discuss the ongoing developments in research.,REAL
F037,Miracle Drug Confirmed by Sources,Assume free discuss build matter fight camera. Rock parent program knowledge audience happen present. This just in — shocking claims about miracle drug surface on the internet.,FAKE
R170,New Report on Technology Breakthrough,Choose study within study activity plan threat. Two base early. Style major hot agent my. Experts discuss the ongoing developments in technology breakthrough.,REAL
F110,Celebrity Scandal Confirmed by Sources,Board opportunity a action. Less blue job picture brother. This just in — shocking claims about celebrity scandal surface on the internet.,FAKE
F048,Secret Cure Confirmed by Sources,Author along require both it tell. Improve alone wall have professor may anyone. Attention know money other. This just in — shocking claims about secret cure surface on the internet.,FAKE
F082,Hoax Confirmed by Sources,Herself husband thousand tonight. This just in — shocking claims about hoax surface on the internet.,FAKE
F187,Miracle Drug Confirmed by Sources,Specific main wait they answer upon. Economic thing series administration base total. This just in — shocking claims about miracle drug surface on the internet.,FAKE
F027,Miracle Drug Confirmed by Sources,Manage I threat special. Ago common child safe general water. This just in — shocking claims about miracle drug surface on the internet.,FAKE
F202,Hoax Confirmed by Sources,Finally quite sit brother treat. Receive card experience walk once. Benefit forget there contain page out stand prove. This just in — shocking claims about hoax surface on the internet.,FAKE
F197,Secret Cure Confirmed by Sources,Fire middle exist woman certain miss. As among seem crime budget PM. College foreign push recently. This just in — shocking claims about secret cure surface on the internet.,FAKE
R128,New Report on Climate Change,Citizen physical section another street rate thousand explain. Experts discuss the ongoing developments in climate change.,REAL
F157,Government Cover-Up Confirmed by Sources,Budget type image wide. Mouth right nature suddenly test. War drive memory fall. This just in — shocking claims about government cover-up surface on the internet.,FAKE
F117,Hoax Confirmed by Sources,Good no account until step. Audience increase stand friend east dog few. Degree run quite adult film wide. This just in — shocking claims about hoax surface on the internet.,FAKE
F173,Secret Cure Confirmed by Sources,Step well think traditional well new similar. Administration long color test safe fall economic. This just in — shocking claims about secret cure surface on the internet.,FAKE
F024,Aliens Confirmed by Sources,Road fall sister huge sure expert fear finish. Phone other five late response war fact. Any position rest individual necessary important. This just in — shocking claims about aliens surface on the internet.,FAKE
F096,Celebrity Scandal Confirmed by Sources,Building seven above. This just in — shocking claims about celebrity scandal surface on the internet.,FAKE
R247,New Report on Public Health,Almost just our big scientist. Represent discover hospital garden wife. Show place consumer fund. Instead woman smile. Experts discuss the ongoing developments in public health.,REAL
F226,Government Cover-Up Confirmed by Sources,Approach see ever. Husband in responsibility body by these number. Society response usually whole best. This just in — shocking claims about government cover-up surface on the internet.,FAKE
F100,Flat Earth Confirmed by Sources,I purpose similar goal. Role total ball form mother help. Environmental election despite leg medical. This just in — shocking claims about flat earth surface on the internet.,FAKE
F246,Government Cover-Up Confirmed by Sources,Back anyone class remain special suddenly. Popular administration adult space plant generation. Together thing prevent three listen seven. This just in — shocking claims about government cover-up surface on the internet.,FAKE
F183,Aliens Confirmed by Sources,Radio everyone hundred lawyer mother fight. Who whether woman computer hundred research. Simple these than produce. This just in — shocking claims about aliens surface on the internet.,FAKE
R063,New Report on Policy,Plant fish window decade firm quickly worker win. Experts discuss the ongoing developments in policy.,REAL
R005,New Report on Election,Single today few although deep evidence. Experts discuss the ongoing developments in election.,REAL
R084,New Report on Election,Everything life school. Hand maintain expect bill woman level. Experts discuss the ongoing developments in election.,REAL
R124,New Report on Education,Program health grow upon will exactly. Season experience see evening. Machine ask listen material. Experts discuss the ongoing developments in education.,REAL
R118,New Report on Research,Fill sign glass individual care me simply particular. Very staff describe share. Fine thought high fall arrive else issue provide. Experts discuss the ongoing developments in research.,REAL
F001,Aliens Confirmed by Sources,Yes strategy plan could color lead. Buy maintain especially which. Positive will car training network position last. This just in — shocking claims about aliens surface on the internet.,FAKE
F007,Immortal Jellyfish Confirmed by Sources,Dream structure us color cover full. Herself today tree someone. Every happen news. This just in — shocking claims about immortal jellyfish surface on the internet.,FAKE
F046,Mind Control Confirmed by Sources,Stand movie over Congress. This just in — shocking claims about mind control surface on the internet.,FAKE
R103,New Report on Research,Local would beautiful woman wear. Social onto year find tend. Experts discuss the ongoing developments in research.,REAL
R037,New Report on Budget Report,Operation century first today live blood guess few. Health room whom season help. Experts discuss the ongoing developments in budget report.,REAL
F193,Secret Cure Confirmed by Sources,Office authority eat me fight message ok. Physical both example. Article if report through. This just in — shocking claims about secret cure surface on the internet.,FAKE
R166,New Report on Election,Great visit allow on economic room. Amount determine owner teacher how sense light challenge. Contain instead ten scene doctor too. Experts discuss the ongoing developments in election.,REAL
F017,Immortal Jellyfish Confirmed by Sources,Little accept two question us. Letter million cover born soldier cold. This just in — shocking claims about immortal jellyfish surface on the internet.,FAKE
R008,New Report on Economic Growth,Tv check everybody cover floor reality. Man candidate resource agent sound stand forward resource. Experts discuss the ongoing developments in economic growth.,REAL
F071,Celebrity Scandal Confirmed by Sources,Although sign buy mouth shake record. Decade clearly late color spring. Concern all statement film news. This just in — shocking claims about celebrity scandal surface on the internet.,FAKE
F028,Mind Control Confirmed by Sources,Door president marriage behavior both factor born. Standard always travel other audience individual. This just in — shocking claims about mind control surface on the internet.,FAKE
F227,Immortal Jellyfish Confirmed by Sources,Family ability wide defense. Charge reflect back light. This just in — shocking claims about immortal jellyfish surface on the internet.,FAKE
R200,New Report on Public Health,Model contain major. Police measure seven hotel partner popular. Experts discuss the ongoing developments in public health.,REAL
R225,New Report on Climate Change,Dog house continue agency you single. Us character machine summer industry get avoid collection. Ever onto nature choice. Experts discuss the ongoing developments in climate change.,REAL
R062,New Report on Budget Report,Away wear hour moment especially. Experts discuss the ongoing developments in budget report.,REAL
F033,Hoax Confirmed by Sources,Each tree answer surface message game box. Together pay yeah long thus Republican black reality. Can exactly month poor never voice. This just in — shocking claims about hoax surface on the internet.,FAKE
F012,Hoax Confirmed by Sources,Yeah care fast edge ability may party medical. Difficult everything sport against field yeah. This just in — shocking claims about hoax surface on the internet.,FAKE
R121,New Report on Research,Benefit work alone half. Mind different lead pretty well service drive. Experts discuss the ongoing developments in research.,REAL
F210,Aliens Confirmed by Sources,Purpose rise project so. Energy each minute compare language. This just in — shocking claims about aliens surface on the internet.,FAKE
F151,Hoax Confirmed by Sources,Say nearly go color argue change health. Series suggest husband really. This just in — shocking claims about hoax surface on the internet.,FAKE
F099,Secret Cure Confirmed by Sources,Several out huge identify prevent air. Someone note better prepare director. Other year art wear guy media single. This just in — shocking claims about secret cure surface on the internet.,FAKE
R090,New Report on Technology Breakthrough,Left growth election commercial. International short sometimes imagine when. Event sister good. Experts discuss the ongoing developments in technology breakthrough.,REAL
R125,New Report on Budget Report,Within break easy charge debate listen. Push box use enter. Enter first hour chair instead probably find. Experts discuss the ongoing developments in budget report.,REAL
R091,New Report on Climate Change,Money until listen money leader. Fast term option red surface. Huge between style. Entire what oil save similar economy cup. Experts discuss the ongoing developments in climate change.,REAL
R157,New Report on Climate Change,Case method rest. Report collection for dark need quality make. Lawyer he three leave raise often company. Experts discuss the ongoing developments in climate change.,REAL
F098,Miracle Drug Confirmed by Sources,Trade medical without ability. Return write and of Democrat. This just in — shocking claims about miracle drug surface on the internet.,FAKE
F164,Immortal Jellyfish Confirmed by Sources,Step well pretty play service. Increase join white necessary where while. Stuff item business open adult contain get purpose. This just in — shocking claims about immortal jellyfish surface on the internet.,FAKE
R050,New Report on Economic Growth,She back follow political above. You change for out. Property hear control bad perform student. Experts discuss the ongoing developments in economic growth.,REAL
R249,New Report on Climate Change,Maintain technology chance bill former. Safe site take Mr even blood result. Experts discuss the ongoing developments in climate change.,REAL
R093,New Report on Election,Together local marriage. Across feeling parent thought address stay trip. Catch raise sure project there arm health. Experts discuss the ongoing developments in election.,REAL
R131,New Report on Education,Father human ahead over live serious fight. Fund become leader goal. Life company policy one fact skin federal. Experts discuss the ongoing developments in education.,REAL
F107,Flat Earth Confirmed by Sources,Dog brother new wonder. Pass term throw teacher property bill newspaper. This just in — shocking claims about flat earth surface on the internet.,FAKE
F153,Hoax Confirmed by Sources,Respond I here audience administration carry. Enjoy development when real remain fill. This just in — shocking claims about hoax surface on the internet.,FAKE
F091,Flat Earth Confirmed by Sources,Pull push we growth hospital task though. Body south individual. Reveal maintain fight effect speak affect blood. This just in — shocking claims about flat earth surface on the internet.,FAKE
R246,New Report on Economic Growth,Military night rule make rule start listen sort. Among money record week next environment. Experts discuss the ongoing developments in economic growth.,REAL
F004,Secret Cure Confirmed by Sources,Person cover control rate. Of person agency staff. Without ok school enjoy. This just in — shocking claims about secret cure surface on the internet.,FAKE
F220,Celebrity Scandal Confirmed by Sources,General ask score expert well officer. End use room office build. Successful tell to to material difference main. This just in — shocking claims about celebrity scandal surface on the internet.,FAKE
F121,Hoax Confirmed by Sources,Industry born each past just relationship word star. Available team own could protect. This just in — shocking claims about hoax surface on the internet.,FAKE
F245,Mind Control Confirmed by Sources,Have than do walk money. Call market ahead rest billion research friend. This just in — shocking claims about mind control surface on the internet.,FAKE
R035,New Report on Climate Change,Policy population book day in. Back live material positive family wait movement figure. Commercial at single lay when out then. Experts discuss the ongoing developments in climate change.,REAL
R024,New Report on Education,Door wife state action boy around. Involve their despite last trial. Speech necessary talk fight ball seven glass. Experts discuss the ongoing developments in education.,REAL
F079,Miracle Drug Confirmed by Sources,Different direction hair see partner mention door. Measure central beautiful food need. This just in — shocking claims about miracle drug surface on the internet.,FAKE
R094,New Report on Policy,Recent protect hot begin. Chair weight generation Mr. Glass occur care daughter toward degree however particularly. Experts discuss the ongoing developments in policy.,REAL
R040,New Report on Policy,Ahead among interest art audience figure. Traditional anyone question between market they police fast. Experts discuss the ongoing developments in policy.,REAL
F170,Immortal Jellyfish Confirmed by Sources,Great degree focus suffer. Knowledge newspaper quite anything. Great product seat benefit political someone so her. This just in — shocking claims about immortal jellyfish surface on the internet.,FAKE
F130,Immortal Jellyfish Confirmed by Sources,Shake century material. Those peace make wrong. Certainly business realize seven wide ball suddenly. This just in — shocking claims about immortal jellyfish surface on the internet.,FAKE
R085,New Report on Economic Growth,Ready own fund entire wish. Least major appear another consider across environmental. Experts discuss the ongoing developments in economic growth.,REAL
R054,New Report on Budget Report,Those media guess others hour wonder tell. History significant training great back. Experts discuss the ongoing developments in budget report.,REAL
R047,New Report on Technology Breakthrough,Sure store international sense. Yourself affect lay including against spring. Hundred who close model here. Experts discuss the ongoing developments in technology breakthrough.,REAL
R199,New Report on Economic Growth,Yard man city exist back include sister. Story country operation source consumer similar. Almost senior room stay suddenly pull. Experts discuss the ongoing developments in economic growth.,REAL
F062,Miracle Drug Confirmed by Sources,Put federal listen. Leader three able art arm available try. Theory better call message prepare class edge. Citizen special data. This just in — shocking claims about miracle drug surface on the internet.,FAKE
R244,New Report on Technology Breakthrough,Fund power whatever contain ahead grow herself. Order six tough down blood develop. Experts discuss the ongoing developments in technology breakthrough.,REAL
R107,New Report on Election,Wonder trouble sign offer anyone best. Seem hotel art cause size win move. Tax bill girl author. Experts discuss the ongoing developments in election.,REAL
F148,Aliens Confirmed by Sources,Money admit model opportunity treat. This just in — shocking claims about aliens surface on the internet.,FAKE
F023,Mind Control Confirmed by Sources,Old way prepare culture economy. Personal who easy raise box expert. This just in — shocking claims about mind control surface on the internet.,FAKE
R075,New Report on Budget Report,Opportunity suggest west base speak sport agree. Tell lose edge upon final attorney. Young bank middle case. Experts discuss the ongoing developments in budget report.,REAL
R220,New Report on Public Health,Price beat himself since. Stuff draw stop wall program shake. Read either fine stock. Experts discuss the ongoing developments in public health.,REAL
R099,New Report on Economic Growth,Attention national cell season. Then table level fall under operation. Experts discuss the ongoing developments in economic growth.,REAL
F066,Flat Earth Confirmed by Sources,But candidate both record approach example dream. Science usually require no place serious letter. This just in — shocking claims about flat earth surface on the internet.,FAKE
F060,Flat Earth Confirmed by Sources,Already whose pressure oil. This just in — shocking claims about flat earth surface on the internet.,FAKE
F022,Government Cover-Up Confirmed by Sources,Radio many organization drop serious. Main day your school campaign green sound. This just in — shocking claims about government cover-up surface on the internet.,FAKE
F127,Mind Control Confirmed by Sources,Any save hotel fine. Statement toward head yard. Travel choose everything call. This just in — shocking claims about mind control surface on the internet.,FAKE
R212,New Report on Education,Through early task cell build. Common project those prepare. Experts discuss the ongoing developments in education.,REAL
F119,Mind Control Confirmed by Sources,Day history interest marriage nor. But improve response successful. This just in — shocking claims about mind control surface on the internet.,FAKE
F103,Hoax Confirmed by Sources,Technology wait beautiful drug father whom training. This just in — shocking claims about hoax surface on the internet.,FAKE
F191,Mind Control Confirmed by Sources,Big near purpose none group certain. Protect him difference much Republican. Memory carry scene interest. This just in — shocking claims about mind control surface on the internet.,FAKE
F002,Mind Control Confirmed by Sources,Use example unit morning conference end. Growth serve available six fight reason kid. Section eye reflect memory first fast indicate. This just in — shocking claims about mind control surface on the internet.,FAKE
R155,New Report on Election,Need way learn. Small stock ready right. Experts discuss the ongoing developments in election.,REAL
R006,New Report on Technology Breakthrough,Fear data phone car free floor. Cause really tough risk. Experts discuss the ongoing developments in technology breakthrough.,REAL
F086,Government Cover-Up Confirmed by Sources,According certain and street recognize. Realize radio rest change. This just in — shocking claims about government cover-up surface on the internet.,FAKE
R168,New Report on Election,Similar herself stop evening. Experts discuss the ongoing developments in election.,REAL
R077,New Report on Public Health,Fly must laugh on certain cut. Itself myself might. Wind these security on scientist. Experts discuss the ongoing developments in public health.,REAL
F209,Hoax Confirmed by Sources,Economic score floor tell tree her feeling. Fact throw meeting street table only hot unit. Real early beyond. This just in — shocking claims about hoax surface on the internet.,FAKE
R236,New Report on Public Health,American describe suggest those strategy quality. None charge he debate woman. Experts discuss the ongoing developments in public health.,REAL
F186,Aliens Confirmed by Sources,Involve yet amount still carry. Standard explain his chair often top. Answer one tonight modern trouble low right clear. This just in — shocking claims about aliens surface on the internet.,FAKE
R243,New Report on Public Health,Return by great explain pay. Page morning common alone. Experts discuss the ongoing developments in public health.,REAL
F094,Immortal Jellyfish Confirmed by Sources,Stage manage responsibility sell. Concern author choose soon amount. This just in — shocking claims about immortal jellyfish surface on the internet.,FAKE
R032,New Report on Economic Growth,Method a new coach. Especially nation put middle along. Experts discuss the ongoing developments in economic growth.,REAL
R033,New Report on Education,Yet arm hotel baby back attention. Cultural race throughout watch from. Experts discuss the ongoing developments in education.,REAL
R045,New Report on Technology Breakthrough,Identify lay player group very reflect policy. Experts discuss the ongoing developments in technology breakthrough.,REAL
R116,New Report on Education,Upon thought by small effect. Family discover peace today. Heart seek focus sister statement. Experts discuss the ongoing developments in education.,REAL
F056,Celebrity Scandal Confirmed by Sources,Both her model inside. Often method box former free firm these. This just in — shocking claims about celebrity scandal surface on the internet.,FAKE
R043,New Report on Policy,Four series lawyer. Left impact gas thought arm. Experts discuss the ongoing developments in policy.,REAL
R145,New Report on Economic Growth,Professor central rate executive indeed identify point skin. He figure last generation any approach. But stop he billion director seat. Experts discuss the ongoing developments in economic growth.,REAL
F200,Secret Cure Confirmed by Sources,Bit role identify sense assume sell. Much change head million may call myself. Collection top year decade treat game shake. This just in — shocking claims about secret cure surface on the internet.,FAKE
F034,Celebrity Scandal Confirmed by Sources,Own care part strong we. Leader only image ask student state movie. This just in — shocking claims about celebrity scandal surface on the internet.,FAKE
F149,Secret Cure Confirmed by Sources,Open current degree pretty. If use lead fall avoid. Let movement economy despite become firm. This just in — shocking claims about secret cure surface on the internet.,FAKE
F051,Secret Cure Confirmed by Sources,Name major financial left method event respond. Senior thought able beyond adult. Media someone window view little. This just in — shocking claims about secret cure surface on the internet.,FAKE
F089,Flat Earth Confirmed by Sources,Theory physical realize claim but. Person price body debate eat. Yes local short month. Environment really cell will sound individual letter. This just in — shocking claims about flat earth surface on the internet.,FAKE
F135,Flat Earth Confirmed by Sources,Suggest address important practice approach. Skill page inside bed fund strong. Add certainly arrive product age loss. Cause beyond get series sense. This just in — shocking claims about flat earth surface on the internet.,FAKE
F088,Government Cover-Up Confirmed by Sources,Situation develop simply guy available. Crime southern end happy. No sound worker throw not face tree. This just in — shocking claims about government cover-up surface on the internet.,FAKE
R010,New Report on Election,Expert floor upon under accept issue for. Should later only million. Experts discuss the ongoing developments in election.,REAL
R211,New Report on Policy,Break back hour show. Response window can help because billion image policy. His produce skill. Experts discuss the ongoing developments in policy.,REAL
F204,Miracle Drug Confirmed by Sources,Figure authority we mother tonight fight. This just in — shocking claims about miracle drug surface on the internet.,FAKE
F168,Miracle Drug Confirmed by Sources,Close find my. This just in — shocking claims about miracle drug surface on the internet.,FAKE
R011,New Report on Public Health,Town walk once he heavy. Laugh gas trade practice. Compare career stand item. Experts discuss the ongoing developments in public health.,REAL
R232,New Report on Climate Change,Generation then ago open. Experts discuss the ongoing developments in climate change.,REAL
R042,New Report on Public Health,Growth short third. Experts discuss the ongoing developments in public health.,REAL
F182,Hoax Confirmed by Sources,Between together find close weight. Condition we later prepare why. Direction north television beat build action. This just in — shocking claims about hoax surface on the internet.,FAKE
F036,Miracle Drug Confirmed by Sources,Effect measure establish government structure others. Around more perform decide. This just in — shocking claims about miracle drug surface on the internet.,FAKE
F068,Secret Cure Confirmed by Sources,Participant bill personal present. Strategy more nor step policy art. Again spend throw tend institution meeting we garden. Good poor prepare fund read. This just in — shocking claims about secret cure surface on the internet.,FAKE
R015,New Report on Election,Six fish us administration arrive century least. Expect edge moment spring crime mouth apply. Experts discuss the ongoing developments in election.,REAL
R147,New Report on Climate Change,Everyone sign effort example. Hotel movement above. Message easy increase old per front whose article. Experts discuss the ongoing developments in climate change.,REAL
F198,Government Cover-Up Confirmed by Sources,Health talk garden once. Watch might him stop not race. Modern prepare support area bit. This just in — shocking claims about government cover-up surface on the internet.,FAKE
R081,New Report on Climate Change,Material develop different role itself. Price social animal worry likely least. Experts discuss the ongoing developments in climate change.,REAL
F050,Aliens Confirmed by Sources,Edge into floor eight. Very family point among. This just in — shocking claims about aliens surface on the internet.,FAKE
F162,Celebrity Scandal Confirmed by Sources,Within four nor between room exactly. Go house he you all price. Show development let direction none. This just in — shocking claims about celebrity scandal surface on the internet.,FAKE
R028,New Report on Technology Breakthrough,Organization wonder mind out. Look term own provide industry support pretty feeling. Four room space once four part player. Experts discuss the ongoing developments in technology breakthrough.,REAL
R195,New Report on Budget Report,Machine laugh article training magazine bit protect many. Act say baby although. Experts discuss the ongoing developments in budget report.,REAL
F116,Aliens Confirmed by Sources,Energy skill food central amount. While build likely trouble. Imagine we alone my several smile. A strategy through senior simple idea. This just in — shocking claims about aliens surface on the internet.,FAKE
R018,New Report on Research,Certain film federal role PM poor strong. Hope hard foot. Experts discuss the ongoing developments in research.,REAL
F073,Immortal Jellyfish Confirmed by Sources,Significant wide send rather gun. Thus plant account act whether certain. This just in — shocking claims about immortal jellyfish surface on the internet.,FAKE
F059,Miracle Drug Confirmed by Sources,Pick television institution special. Run occur home assume. Book either population fish. Do real space physical camera care. This just in — shocking claims about miracle drug surface on the internet.,FAKE
R078,New Report on Budget Report,Same cause account treatment. Wide good production kitchen story. Raise truth memory simple leg year finish believe. Experts discuss the ongoing developments in budget report.,REAL
F216,Secret Cure Confirmed by Sources,To fact mention. Third leave huge seven answer. This just in — shocking claims about secret cure surface on the internet.,FAKE
F206,Celebrity Scandal Confirmed by Sources,Job former side today site program range black. Various last share floor somebody actually nice. Fact official up sometimes remember close home. This just in — shocking claims about celebrity scandal surface on the internet.,FAKE
R036,New Report on Research,Nation stage room American. Off second growth become itself. Experts discuss the ongoing developments in research.,REAL
F104,Aliens Confirmed by Sources,From join someone new. Subject fish price item. Need garden many. This just in — shocking claims about aliens surface on the internet.,FAKE
F000,Hoax Confirmed by Sources,Culture maintain car candidate light. Business clearly clear idea. This just in — shocking claims about hoax surface on the internet.,FAKE
R136,New Report on Education,Same turn party leave college budget themselves fish. Miss speak put. Experts discuss the ongoing developments in education.,REAL
F019,Immortal Jellyfish Confirmed by Sources,Space join sometimes nor behavior. Development how official game fill citizen. This just in — shocking claims about immortal jellyfish surface on the internet.,FAKE
R012,New Report on Technology Breakthrough,More else central him national. Table however natural never watch. Experts discuss the ongoing developments in technology breakthrough.,REAL
R052,New Report on Education,According happen thing education tonight evening sit college. Stay note art allow meet. Protect range several. Experts discuss the ongoing developments in education.,REAL
R123,New Report on Climate Change,Myself all face argue difficult professional difference loss. Any degree lead edge ever middle government. Experts discuss the ongoing developments in climate change.,REAL
F040,Government Cover-Up Confirmed by Sources,Glass where hear grow. This just in — shocking claims about government cover-up surface on the internet.,FAKE
R160,New Report on Climate Change,Over left break guess kitchen several while. Ground source itself me individual. His until surface on. Experts discuss the ongoing developments in climate change.,REAL
F067,Immortal Jellyfish Confirmed by Sources,Quality area none become late but month. Question attention pass push face range. Pull organization measure edge concern. This just in — shocking claims about immortal jellyfish surface on the internet.,FAKE
R069,New Report on Research,Against million professional individual painting. Western can laugh which stuff. Production involve politics although each create. Experts discuss the ongoing developments in research.,REAL
F160,Mind Control Confirmed by Sources,Music local hospital tree. Alone create candidate sometimes. Better else be move. This just in — shocking claims about mind control surface on the internet.,FAKE
F053,Hoax Confirmed by Sources,Chance evidence world seem reach compare. Pick yet read by speech down deal. If support during glass evidence. This just in — shocking claims about hoax surface on the internet.,FAKE
R074,New Report on Education,Structure property very. North try buy I. Experts discuss the ongoing developments in education.,REAL
R007,New Report on Election,Interview western thing few since. Meeting election four kitchen second. Politics four trial trial report parent you. Experts discuss the ongoing developments in election.,REAL
R119,New Report on Climate Change,Girl identify Congress view. Development teacher full officer. Perform case reason suggest. Experts discuss the ongoing developments in climate change.,REAL
R087,New Report on Budget Report,Third again see growth decide. Apply allow the art cause relate. Happy when suddenly foot alone she although. Put score call never rich I material. Experts discuss the ongoing developments in budget report.,REAL
F145,Miracle Drug Confirmed by Sources,Onto force hair it. Training grow our or top window billion. Pm item foot baby church field. Push father west north current. This just in — shocking claims about miracle drug surface on the internet.,FAKE
R065,New Report on Budget Report,Population goal effort medical campaign sense yard. Environmental total class far reason. Experts discuss the ongoing developments in budget report.,REAL
R208,New Report on Budget Report,Easy box determine sense evidence employee need yet. Phone off free attention. Experts discuss the ongoing developments in budget report.,REAL
R048,New Report on Budget Report,Return new news quite. Stuff protect box must at use. Suffer full peace. Experts discuss the ongoing developments in budget report.,REAL
F076,Aliens Confirmed by Sources,Just popular car this. This just in — shocking claims about aliens surface on the internet.,FAKE
R019,New Report on Policy,Impact look best record. Agency the citizen become region adult. Experts discuss the ongoing developments in policy.,REAL
F115,Immortal Jellyfish Confirmed by Sources,Cell over speech car any take realize. Science television indeed else benefit term. Prove speak exactly age inside woman sister. This just in — shocking claims about immortal jellyfish surface on the internet.,FAKE
R031,New Report on Education,Vote nature job young whole. Though occur order peace hundred more reveal. Movement long physical generation exist. Experts discuss the ongoing developments in education.,REAL
R190,New Report on Research,Beautiful history pull cover bring. Project star apply between likely. Believe radio hope hard collection. Plan picture run painting. Experts discuss the ongoing developments in research.,REAL
F057,Mind Control Confirmed by Sources,Agree resource thus. Resource recognize somebody. This just in — shocking claims about mind control surface on the internet.,FAKE
F158,Immortal Jellyfish Confirmed by Sources,Herself plant remember. Of condition behind central risk many. Page appear husband develop energy player even. This just in — shocking claims about immortal jellyfish surface on the internet.,FAKE
F234,Flat Earth Confirmed by Sources,Would require piece go international she team. Stand story run sport hear study that. Sea speech discussion but attack. This just in — shocking claims about flat earth surface on the internet.,FAKE
F155,Flat Earth Confirmed by Sources,Indeed I position executive prepare debate. This just in — shocking claims about flat earth surface on the internet.,FAKE
F106,Flat Earth Confirmed by Sources,Commercial too describe participant. Audience all concern believe evening. This just in — shocking claims about flat earth surface on the internet.,FAKE
R051,New Report on Policy,Prepare include cultural perform film along recently toward. Plan far state fight. Score piece out fill. Her blood under movement another relate. Experts discuss the ongoing developments in policy.,REAL
R203,New Report on Education,Alone total rise base method. Bit onto carry stage. Experts discuss the ongoing developments in education.,REAL
F063,Secret Cure Confirmed by Sources,Enough seat station why job rest. Participant individual north ever wide smile. According less executive although international president simple task. Project back lot sound but. This just in — shocking claims about secret cure surface on the internet.,FAKE
R080,New Report on Policy,Possible sense inside view business. Officer run financial born wear not. Experts discuss the ongoing developments in policy.,REAL
R226,New Report on Public Health,He him action pay human out. Center open benefit actually avoid. Experts discuss the ongoing developments in public health.,REAL
F144,Hoax Confirmed by Sources,Prevent more him care million by painting. Hard big throw other. This just in — shocking claims about hoax surface on the internet.,FAKE
F241,Flat Earth Confirmed by Sources,Best three safe opportunity. New especially book this. This just in — shocking claims about flat earth surface on the internet.,FAKE
R150,New Report on Election,Today hope and realize remain chance. People box environmental story tend. Seven set successful inside question very. Experts discuss the ongoing developments in election.,REAL
R153,New Report on Research,Guy discussion air chance likely cell activity. Decide major run last task friend. Name Mrs key provide evening. Experts discuss the ongoing developments in research.,REAL
F175,Hoax Confirmed by Sources,And weight remain machine almost sometimes guy. Recognize commercial finish. This just in — shocking claims about hoax surface on the internet.,FAKE
F161,Immortal Jellyfish Confirmed by Sources,Happy yeah world onto method throughout each. Dark left determine evidence. Nearly after ago if. This just in — shocking claims about immortal jellyfish surface on the internet.,FAKE
F147,Secret Cure Confirmed by Sources,Drop go tonight interesting thank understand tend. Right majority back tell hear democratic. This just in — shocking claims about secret cure surface on the internet.,FAKE
F018,Secret Cure Confirmed by Sources,Whom benefit trade lose. Brother visit left process. This just in — shocking claims about secret cure surface on the internet.,FAKE
F211,Celebrity Scandal Confirmed by Sources,Husband course in ago find. Argue agree bar professor guess message. Itself wide modern talk hold necessary receive although. Expect mean actually. This just in — shocking claims about celebrity scandal surface on the internet.,FAKE
R117,New Report on Research,End factor garden join common type treat whole. Back behind stop throw. Region life law top industry that. Experts discuss the ongoing developments in research.,REAL
F016,Aliens Confirmed by Sources,Every middle natural concern form positive determine. Husband red rise pass individual. Road before executive production deep class as similar. This just in — shocking claims about aliens surface on the internet.,FAKE
F029,Flat Earth Confirmed by Sources,Also less suggest ability physical. Before customer camera over glass source pass today. Purpose team company assume politics onto. This just in — shocking claims about flat earth surface on the internet.,FAKE
F205,Celebrity Scandal Confirmed by Sources,Fill skill perhaps forget class business example. Case shake I perhaps threat although instead. This just in — shocking claims about celebrity scandal surface on the internet.,FAKE
R112,New Report on Economic Growth,Receive agency follow walk phone manager board. Western team garden prevent. Develop quality energy among though total. Experts discuss the ongoing developments in economic growth.,REAL
F218,Government Cover-Up Confirmed by Sources,Design senior make dream young become hope. South help audience. This just in — shocking claims about government cover-up surface on the internet.,FAKE
R187,New Report on Education,Congress far believe better amount claim everyone. Pm oil do poor point shoulder style reflect. Pay society wide something over wear family. His voice authority middle knowledge time early. Experts discuss the ongoing developments in education.,REAL
F087,Celebrity Scandal Confirmed by Sources,Side power kind allow eight and page. Democrat call many share generation house fear tend. Hotel always always they. This just in — shocking claims about celebrity scandal surface on the internet.,FAKE
R171,New Report on Education,Stuff produce mind hotel market well tough. Experts discuss the ongoing developments in education.,REAL
R113,New Report on Technology Breakthrough,International organization tend stand. Experts discuss the ongoing developments in technology breakthrough.,REAL
R222,New Report on Public Health,Difficult guy magazine hair head blue. Mr she attention mother run. Never course TV food daughter laugh police. Experts discuss the ongoing developments in public health.,REAL
F233,Secret Cure Confirmed by Sources,Pm team purpose want low official perhaps always. Response night purpose ball. Exist moment difference. This just in — shocking claims about secret cure surface on the internet.,FAKE
R223,New Report on Climate Change,None condition together instead amount lawyer. Company trial hotel value media. Recently both fear most society item. Experts discuss the ongoing developments in climate change.,REAL
F224,Secret Cure Confirmed by Sources,Better near including nature here each. Power off item arrive hot special fast. Religious others begin actually hotel since. This just in — shocking claims about secret cure surface on the internet.,FAKE
R181,New Report on Climate Change,Maintain represent tonight fight. Decade treatment social everything from. Experts discuss the ongoing developments in climate change.,REAL
R056,New Report on Public Health,News figure letter discuss study short. President benefit plan voice tell say nearly. Trouble happy vote own. Experts discuss the ongoing developments in public health.,REAL
R110,New Report on Education,Series bill trouble run effort six. Left benefit eight. Experts discuss the ongoing developments in education.,REAL
R219,New Report on Education,Eye hear former let especially practice. Sister official ready save human know. Experts discuss the ongoing developments in education.,REAL
R224,New Report on Education,Account night model too buy case. Road security director today forward. Experts discuss the ongoing developments in education.,REAL
F178,Immortal Jellyfish Confirmed by Sources,South job memory their face she. Big follow city since address our individual receive. This just in — shocking claims about immortal jellyfish surface on the internet.,FAKE
F074,Secret Cure Confirmed by Sources,Training degree with spend. Represent into policy television might look number group. This just in — shocking claims about secret cure surface on the internet.,FAKE
R034,New Report on Budget Report,Some protect address full specific arrive report. Wide indicate yard city. Center accept ready white road business weight. Experts discuss the ongoing developments in budget report.,REAL
R095,New Report on Policy,Understand side want like. Discuss include performance. Experts discuss the ongoing developments in policy.,REAL
F011,Aliens Confirmed by Sources,Suffer again look individual last left baby. Six tonight thing land huge yard lose. This just in — shocking claims about aliens surface on the internet.,FAKE
R162,New Report on Policy,Sense modern pressure control window. Exactly might fear style college. Experts discuss the ongoing developments in policy.,REAL
R218,New Report on Election,Apply card thing these mention best approach manager. Detail indicate without group you. Experts discuss the ongoing developments in election.,REAL
F136,Miracle Drug Confirmed by Sources,Citizen friend side raise maybe who. Picture everybody eat lot he traditional. This just in — shocking claims about miracle drug surface on the internet.,FAKE
R108,New Report on Economic Growth,War they seven probably young. Step though possible scene third. Bit perhaps structure decade until. Experts discuss the ongoing developments in economic growth.,REAL
R186,New Report on Research,Official step election nature development wrong rate. Add with wife police. Experts discuss the ongoing developments in research.,REAL
R248,New Report on Technology Breakthrough,Positive happy their. Name choose song. Experts discuss the ongoing developments in technology breakthrough.,REAL
F045,Immortal Jellyfish Confirmed by Sources,Land total traditional training simply. Page language claim send phone successful. This just in — shocking claims about immortal jellyfish surface on the internet.,FAKE
F092,Secret Cure Confirmed by Sources,Unit order turn top figure. Everything bag daughter station point. I idea bag government image. This just in — shocking claims about secret cure surface on the internet.,FAKE
R100,New Report on Technology Breakthrough,Suffer myself avoid song indeed help. Bad method toward painting threat exactly. Experts discuss the ongoing developments in technology breakthrough.,REAL
F075,Miracle Drug Confirmed by Sources,Kind claim property because add. There authority kind piece because. This just in — shocking claims about miracle drug surface on the internet.,FAKE
R059,New Report on Technology Breakthrough,Country same author specific woman. Experts discuss the ongoing developments in technology breakthrough.,REAL
F213,Hoax Confirmed by Sources,Position risk quite meeting free middle able. Must store specific week reason cup husband. This just in — shocking claims about hoax surface on the internet.,FAKE
R233,New Report on Education,Sport thank born agent market. Message and among Mr. Experts discuss the ongoing developments in education.,REAL
F072,Mind Control Confirmed by Sources,Huge also article hot enough amount. This just in — shocking claims about mind control surface on the internet.,FAKE
R184,New Report on Budget Report,Speak lawyer poor husband citizen each court. Civil when opportunity per floor out however. Experts discuss the ongoing developments in budget report.,REAL
F134,Secret Cure Confirmed by Sources,Sport wind camera majority. Cultural ball will open worker probably. This just in — shocking claims about secret cure surface on the internet.,FAKE
R096,New Report on Research,Seven book ahead. Place life office other. Laugh thousand effort. Experts discuss the ongoing developments in research.,REAL
R020,New Report on Policy,Able trouble herself lead fight person. Go let soldier discuss. Yard line memory expect nice democratic. Experts discuss the ongoing developments in policy.,REAL
R067,New Report on Policy,Majority want front speak bag. Social huge sell bag quite site as. Give movement mean magazine own sort since reality. Experts discuss the ongoing developments in policy.,REAL
R215,New Report on Education,Raise yard view area. Morning police despite pull worry significant. Experts discuss the ongoing developments in education.,REAL
R127,New Report on Policy,Need fast require yard. Necessary stay decide base. Rock carry day nation. Foot wind allow page week. Experts discuss the ongoing developments in policy.,REAL
R235,New Report on Technology Breakthrough,Project type garden ahead simple daughter current could. Understand speak road fund pay. Experts discuss the ongoing developments in technology breakthrough.,REAL
R163,New Report on Climate Change,He drive water bring similar difficult. Experts discuss the ongoing developments in climate change.,REAL
R002,New Report on Education,Person decade big all first billion sell deep. Admit and brother. Ask all though those. Experts discuss the ongoing developments in education.,REAL
R021,New Report on Education,Task democratic instead name. Technology station energy challenge leader teach. Experts discuss the ongoing developments in education.,REAL
R013,New Report on Technology Breakthrough,Forget sure challenge civil personal. Factor believe already health charge. Not war technology many from none indicate. Experts discuss the ongoing developments in technology breakthrough.,REAL
F195,Flat Earth Confirmed by Sources,Most lose bar save material military produce. Organization performance while. This just in — shocking claims about flat earth surface on the internet.,FAKE
R101,New Report on Research,Stop today issue nor. Success information often anything various writer. Attack safe medical over hair president. Experts discuss the ongoing developments in research.,REAL
R055,New Report on Research,Role between claim get. Probably keep fall house skill watch more. Turn indeed provide conference section participant. She across become sound war movie. Experts discuss the ongoing developments in research.,REAL
F190,Secret Cure Confirmed by Sources,Himself style hour near effort skill international. Tend thought act worry. Recent indicate economic PM add. This just in — shocking claims about secret cure surface on the internet.,FAKE
R004,New Report on Education,Chance worry at war side old this. Evening everybody statement. Experts discuss the ongoing developments in education.,REAL
F080,Celebrity Scandal Confirmed by Sources,American floor agency room. Hundred born memory. Wide college true option whose light anyone. This just in — shocking claims about celebrity scandal surface on the internet.,FAKE
F049,Hoax Confirmed by Sources,Hair majority join do despite ahead avoid animal. Computer least dog sell fill be race. Keep thought lot debate kitchen challenge win recent. This just in — shocking claims about hoax surface on the internet.,FAKE
F184,Secret Cure Confirmed by Sources,Town door issue four. Film offer single appear certain only two. Treatment just big many put. Seem peace care believe. This just in — shocking claims about secret cure surface on the internet.,FAKE
F030,Secret Cure Confirmed by Sources,Source provide crime increase author health. This just in — shocking claims about secret cure surface on the internet.,FAKE
R213,New Report on Budget Report,Film when past general by you worker century. Experts discuss the ongoing developments in budget report.,REAL
F128,Immortal Jellyfish Confirmed by Sources,Whether expect laugh ok green herself. This just in — shocking claims about immortal jellyfish surface on the internet.,FAKE
R231,New Report on Policy,Guess rich commercial nature growth usually. Campaign also news oil. Experts discuss the ongoing developments in policy.,REAL
R061,New Report on Technology Breakthrough,Maintain either dark more age ask police over. Risk parent such can TV tax about ahead. Experts discuss the ongoing developments in technology breakthrough.,REAL
R137,New Report on Education,Anyone food debate. Black will over statement. Experts discuss the ongoing developments in education.,REAL
R185,New Report on Technology Breakthrough,Style least feel pay sound. About put call sea anyone big military. Experts discuss the ongoing developments in technology breakthrough.,REAL
R204,New Report on Technology Breakthrough,Skin discover cold. Possible give herself common page. Trouble race herself maybe song business affect. Experts discuss the ongoing developments in technology breakthrough.,REAL
F217,Immortal Jellyfish Confirmed by Sources,Level your study remain. Daughter majority anyone condition mouth car. Fine book include professor. Western peace minute network myself letter during. This just in — shocking claims about immortal jellyfish surface on the internet.,FAKE
F176,Miracle Drug Confirmed by Sources,Trial claim coach method perform big authority no. Often space hit check bank president property. Practice value trial. This just in — shocking claims about miracle drug surface on the internet.,FAKE
R245,New Report on Technology Breakthrough,Brother remember list international high top choose. Last trade stand huge full employee admit. By fight eat source field management others. Experts discuss the ongoing developments in technology breakthrough.,REAL
R104,New Report on Election,Hit entire happy ground successful job. Human whom cold share. Experts discuss the ongoing developments in election.,REAL
F156,Flat Earth Confirmed by Sources,Year day weight color end. Area add boy part training. Develop small last effect front building. Have lot help similar. This just in — shocking claims about flat earth surface on the internet.,FAKE
R194,New Report on Election,Baby peace international beyond. Quickly material often ahead all sense approach easy. Success under yourself call upon important. Experts discuss the ongoing developments in election.,REAL
R161,New Report on Technology Breakthrough,Hospital top consider statement fish enter. Experts discuss the ongoing developments in technology breakthrough.,REAL
F113,Immortal Jellyfish Confirmed by Sources,Investment from plant idea war when. Test interest building movie others evidence eat. Finish turn wide positive line. This just in — shocking claims about immortal jellyfish surface on the internet.,FAKE
F150,Hoax Confirmed by Sources,Law receive pass answer assume. Pattern most other cost. This just in — shocking claims about hoax surface on the internet.,FAKE
F047,Miracle Drug Confirmed by Sources,Face room along amount develop. Issue benefit response training. This just in — shocking claims about miracle drug surface on the internet.,FAKE
F008,Hoax Confirmed by Sources,Main simple raise show protect yes. Material nearly make speak check why human allow. Ahead indeed door know after fish large. This just in — shocking claims about hoax surface on the internet.,FAKE
F229,Aliens Confirmed by Sources,Truth building without television morning us thing side. Response treat early huge specific. This just in — shocking claims about aliens surface on the internet.,FAKE
R001,New Report on Research,Cold country until yet official option. Star organization threat several individual century thousand environmental. Experts discuss the ongoing developments in research.,REAL
R241,New Report on Public Health,Send trade responsibility song myself. Southern change medical street trip window. Teach maybe cut week. Meet until summer many. Experts discuss the ongoing developments in public health.,REAL
R198,New Report on Climate Change,Up force visit side reflect. Develop film finally shoulder everyone be bag. Experts discuss the ongoing developments in climate change.,REAL
R229,New Report on Research,Girl these price affect their check. As section base. Experts discuss the ongoing developments in research.,REAL
R205,New Report on Public Health,Eye allow through finally article our. Treat class weight position. Experts discuss the ongoing developments in public health.,REAL
F123,Celebrity Scandal Confirmed by Sources,Fact daughter significant. Partner federal hit without. This just in — shocking claims about celebrity scandal surface on the internet.,FAKE
F043,Celebrity Scandal Confirmed by Sources,Interview personal soldier if fly lawyer worry list. Marriage quickly seat wife but themselves. Interview another population party another whatever. This just in — shocking claims about celebrity scandal surface on the internet.,FAKE
F097,Celebrity Scandal Confirmed by Sources,Fight moment inside. Responsibility strong money move. Others near green poor PM. This just in — shocking claims about celebrity scandal surface on the internet.,FAKE
R014,New Report on Research,Option myself maybe organization send concern defense. Both development share idea performance simple five. Put decide deal student both hair sell. Experts discuss the ongoing developments in research.,REAL
F005,Flat Earth Confirmed by Sources,Author painting level movement. It head method new difficult collection tell. This just in — shocking claims about flat earth surface on the internet.,FAKE
R234,New Report on Research,Tax physical simply seem. Day ground young assume great name American. Experts discuss the ongoing developments in research.,REAL
F143,Aliens Confirmed by Sources,Wind prevent news board often lot must cut. Anything member relationship buy according free Congress. This just in — shocking claims about aliens surface on the internet.,FAKE
R073,New Report on Economic Growth,Remember election your avoid. Lawyer option pull which pull design. Mouth end decide campaign teacher. Experts discuss the ongoing developments in economic growth.,REAL
R239,New Report on Education,Economic former summer. Oil shake account may gun. Mention analysis land. Experts discuss the ongoing developments in education.,REAL
F181,Aliens Confirmed by Sources,Relationship kitchen arm could learn form. Many perhaps day rule. Many again situation both. This just in — shocking claims about aliens surface on the internet.,FAKE
R138,New Report on Election,Across but shoulder partner our Congress. Reason million instead apply always serious. Perform make newspaper. Increase produce significant lawyer training. Experts discuss the ongoing developments in election.,REAL
R172,New Report on Economic Growth,Cell worker wife within development ball. Identify quite keep decade give. Research provide listen far discussion. Experts discuss the ongoing developments in economic growth.,REAL
R143,New Report on Policy,Myself movie lead half quickly defense. Lead significant various table parent voice both. Experts discuss the ongoing developments in policy.,REAL
F166,Mind Control Confirmed by Sources,Great memory special skin voice particular. Hard successful land ago democratic woman no. Task street rate number seven. This just in — shocking claims about mind control surface on the internet.,FAKE
R003,New Report on Budget Report,Us suddenly only. Science address night tree couple pressure. Experts discuss the ongoing developments in budget report.,REAL
R167,New Report on Climate Change,Game area figure pull away make. Window good system meeting. Experts discuss the ongoing developments in climate change.,REAL
R183,New Report on Climate Change,Computer trial far time network easy film establish. Reveal defense result why bit economic. Compare because push. Experts discuss the ongoing developments in climate change.,REAL
R238,New Report on Technology Breakthrough,Detail mission theory professor perform. Movement maintain letter deep. Experts discuss the ongoing developments in technology breakthrough.,REAL
R041,New Report on Election,Hour process bank politics question attack full. Thought later nice analysis story character. Experts discuss the ongoing developments in election.,REAL
F237,Government Cover-Up Confirmed by Sources,Price hand happy or. Of type yes maintain share size. At last purpose note yourself. This just in — shocking claims about government cover-up surface on the internet.,FAKE
R086,New Report on Research,Moment issue writer various herself. Can mission chance single alone data edge. Experts discuss the ongoing developments in research.,REAL
R240,New Report on Policy,Affect will piece course prove bill capital. Miss reason space particularly. Experts discuss the ongoing developments in policy.,REAL
R133,New Report on Public Health,Trip hard already return spend hundred green. Son however remember prove. Art research student country allow author argue. Experts discuss the ongoing developments in public health.,REAL
F044,Hoax Confirmed by Sources,Require face about side. Air since argue however grow. Old would the officer list find. Scientist everyone build kid strategy build indicate. This just in — shocking claims about hoax surface on the internet.,FAKE
F125,Government Cover-Up Confirmed by Sources,Reason particular under both machine. Amount born bill need collection. This just in — shocking claims about government cover-up surface on the internet.,FAKE
F165,Secret Cure Confirmed by Sources,Strategy begin drive take. Method pattern draw wrong catch easy employee. This just in — shocking claims about secret cure surface on the internet.,FAKE
F137,Flat Earth Confirmed by Sources,Woman care subject where around reveal. Win course so before idea body. Mind guy area strong food. This just in — shocking claims about flat earth surface on the internet.,FAKE
R088,New Report on Research,Once natural training professional every around religious. Control father close capital option rather. Experts discuss the ongoing developments in research.,REAL
R169,New Report on Technology Breakthrough,Quality character community lot team help. Lead seem century accept capital. Factor area model almost various. Experts discuss the ongoing developments in technology breakthrough.,REAL
R193,New Report on Technology Breakthrough,Physical task school threat business. Government you relationship partner evening treat herself. Explain huge customer certain. Experts discuss the ongoing developments in technology breakthrough.,REAL
F247,Mind Control Confirmed by Sources,Loss well someone affect person radio although nothing. Across personal tax mouth base take adult. This just in — shocking claims about mind control surface on the internet.,FAKE
R179,New Report on Technology Breakthrough,Small prepare amount certainly. Quite on role these leave great never. World much bar thought late civil. Experts discuss the ongoing developments in technology breakthrough.,REAL
F138,Immortal Jellyfish Confirmed by Sources,Race partner practice address realize. Car up move although. This just in — shocking claims about immortal jellyfish surface on the internet.,FAKE
R017,New Report on Policy,Fast staff join radio many safe. No really win practice indeed. Exist professor field side sea break. Experts discuss the ongoing developments in policy.,REAL
F090,Mind Control Confirmed by Sources,Industry need country reach economic center. Event language rate kitchen left. This just in — shocking claims about mind control surface on the internet.,FAKE
F222,Mind Control Confirmed by Sources,Cold factor offer early kind customer tax employee. Mother bad according property position. Class several mention leg firm. This just in — shocking claims about mind control surface on the internet.,FAKE
R114,New Report on Climate Change,School continue film thus too thousand vote. Summer city identify put better when hit. Already deep information camera design loss whose. Experts discuss the ongoing developments in climate change.,REAL
F235,Celebrity Scandal Confirmed by Sources,Want choice give. This just in — shocking claims about celebrity scandal surface on the internet.,FAKE
F185,Hoax Confirmed by Sources,Reach leave meeting gun find account current. Television official music political. This just in — shocking claims about hoax surface on the internet.,FAKE
F221,Flat Earth Confirmed by Sources,Loss agent nor city new cause. Former follow everything safe themselves career. This just in — shocking claims about flat earth surface on the internet.,FAKE
F054,Secret Cure Confirmed by Sources,Series current police light risk PM season quite. This just in — shocking claims about secret cure surface on the internet.,FAKE
R000,New Report on Public Health,All although stage project responsibility. Sense government guy place be whatever kitchen. Prove plant without nice show. Experts discuss the ongoing developments in public health.,REAL
R178,New Report on Budget Report,Thought let word mission nation us long. Service hospital phone per. Hear agree various red seat we. Experts discuss the ongoing developments in budget report.,REAL
F006,Hoax Confirmed by Sources,Local billion if music rate article bed. Method once pay care simple less father. Sign wind west small occur leader. This just in — shocking claims about hoax surface on the internet.,FAKE
F174,Secret Cure Confirmed by Sources,National task art hit know. System effort hand because two. Eat traditional article better. This just in — shocking claims about secret cure surface on the internet.,FAKE
R009,New Report on Election,Buy lay tax occur Democrat none. Sort radio story film land. Experts discuss the ongoing developments in election.,REAL
R122,New Report on Economic Growth,Since full key major whatever. Mother contain hope picture soon evening. Experts discuss the ongoing developments in economic growth.,REAL
F189,Immortal Jellyfish Confirmed by Sources,Have former land control rather bar represent. Different process rich people people simple. This just in — shocking claims about immortal jellyfish surface on the internet.,FAKE
R146,New Report on Technology Breakthrough,Action human them wide. Experts discuss the ongoing developments in technology breakthrough.,REAL
R022,New Report on Climate Change,The head general live add someone. Clearly reality walk get time stuff. Either certain half list movement we upon. Family fund right public and my everything. Experts discuss the ongoing developments in climate change.,REAL
F177,Aliens Confirmed by Sources,Feeling type about color. Such sound remain his. This just in — shocking claims about aliens surface on the internet.,FAKE
F021,Secret Cure Confirmed by Sources,Authority standard program difference girl take history. Include wait level those. Cut understand body wish. Than wife raise time science. This just in — shocking claims about secret cure surface on the internet.,FAKE
R039,New Report on Economic Growth,Former thank former many technology TV trade onto. Month soon send sometimes artist look involve size. Experts discuss the ongoing developments in economic growth.,REAL
F061,Miracle Drug Confirmed by Sources,Eye account friend above recent student. Range result development positive. This just in — shocking claims about miracle drug surface on the internet.,FAKE
R057,New Report on Technology Breakthrough,Early successful for case gas first. Choice task issue candidate. Experts discuss the ongoing developments in technology breakthrough.,REAL
F154,Immortal Jellyfish Confirmed by Sources,Member church able century end. Down door myself management body discover. Age turn by rock which. This just in — shocking claims about immortal jellyfish surface on the internet.,FAKE
F052,Mind Control Confirmed by Sources,Many it appear back. This just in — shocking claims about mind control surface on the internet.,FAKE
F124,Flat Earth Confirmed by Sources,However family name me both plant situation. Than morning happy join consumer enough difference. Girl trade power toward finally. This just in — shocking claims about flat earth surface on the internet.,FAKE
R071,New Report on Budget Report,Address floor police girl board a. Development rock industry everyone everybody beyond. Experts discuss the ongoing developments in budget report.,REAL
R152,New Report on Budget Report,Draw girl authority million analysis crime state. Experts discuss the ongoing developments in budget report.,REAL
F038,Mind Control Confirmed by Sources,Discover according plan that. Forward business ask law yourself act. This just in — shocking claims about mind control surface on the internet.,FAKE
F101,Immortal Jellyfish Confirmed by Sources,Point positive personal clear message year most. Office only anyone fact sell current support. Their important various clearly explain. This just in — shocking claims about immortal jellyfish surface on the internet.,FAKE
F203,Celebrity Scandal Confirmed by Sources,Always camera might operation difference. Religious alone chance opportunity girl. This just in — shocking claims about celebrity scandal surface on the internet.,FAKE
F192,Government Cover-Up Confirmed by Sources,Society with can. Involve organization scientist because attack dream chair. Two produce stage enough. This just in — shocking claims about government cover-up surface on the internet.,FAKE
R189,New Report on Climate Change,Pull first plan whose. Western he look. Experts discuss the ongoing developments in climate change.,REAL
R098,New Report on Election,Land sound short quite away today. Exactly result local husband. Law shoulder customer agency force. Experts discuss the ongoing developments in election.,REAL
R149,New Report on Economic Growth,Sure address bad whole local maybe. Those water per reveal catch point. Across national right. Experts discuss the ongoing developments in economic growth.,REAL
R046,New Report on Education,Often exist career yeah also piece already. Field until fight role peace blood. Perform we board executive who. Experts discuss the ongoing developments in education.,REAL
F055,Hoax Confirmed by Sources,Take surface after meeting. Range light learn have. Message case every. This just in — shocking claims about hoax surface on the internet.,FAKE
F159,Flat Earth Confirmed by Sources,Send room mother other. Range Congress parent involve. Be how debate whom campaign she. This just in — shocking claims about flat earth surface on the internet.,FAKE
F083,Secret Cure Confirmed by Sources,Buy television government spring staff reduce. This just in — shocking claims about secret cure surface on the internet.,FAKE
R109,New Report on Education,Most seat main all. Interview enjoy investment require concern person. Experts discuss the ongoing developments in education.,REAL
R102,New Report on Climate Change,Cover lawyer reflect change stay office else. Serve event particularly happy pull. Experts discuss the ongoing developments in climate change.,REAL
R060,New Report on Election,Fear many tend. Might add where happen tonight. Difference care ability team there business next. Experts discuss the ongoing developments in election.,REAL
F085,Secret Cure Confirmed by Sources,Suggest she front determine increase of. Field a customer during. Parent service yourself wish. This just in — shocking claims about secret cure surface on the internet.,FAKE
F188,Hoax Confirmed by Sources,Institution let inside hard perform article decade front. This just in — shocking claims about hoax surface on the internet.,FAKE
F131,Hoax Confirmed by Sources,Instead identify total painting page street. Building support statement language heart of. Compare network opportunity rock like inside ahead. Performance reason some would turn. This just in — shocking claims about hoax surface on the internet.,FAKE
R202,New Report on Public Health,Quality mean ball thought. Blood offer minute imagine sell seek. Experts discuss the ongoing developments in public health.,REAL
F111,Celebrity Scandal Confirmed by Sources,Contain carry six join quite school. Medical responsibility tough party office four per. This just in — shocking claims about celebrity scandal surface on the internet.,FAKE
R151,New Report on Policy,Teach newspaper yourself stay improve fast teacher. Response film hope today fish free cultural. Itself during also order low. Experts discuss the ongoing developments in policy.,REAL
F058,Government Cover-Up Confirmed by Sources,City alone air fly mind sell. Show fill hotel leader. State subject data must likely. This just in — shocking claims about government cover-up surface on the internet.,FAKE
R164,New Report on Education,Sit sell family phone whom million do. Yes build magazine use yourself service hear. Finally successful brother past quality by nearly. Experts discuss the ongoing developments in education.,REAL
F242,Celebrity Scandal Confirmed by Sources,Past responsibility style pull medical choice party. Sea door explain impact decide although. Business sure put bar still player see. This just in — shocking claims about celebrity scandal surface on the internet.,FAKE
F064,Mind Control Confirmed by Sources,Wall just try move. Power stand real serious agreement happy. My company environmental safe. This just in — shocking claims about mind control surface on the internet.,FAKE
R228,New Report on Education,Cost growth create local we nor best. Young mention war deal perhaps. Experts discuss the ongoing developments in education.,REAL
R210,New Report on Economic Growth,Participant always participant Democrat note. Room opportunity police the likely. Contain main movie century lay hear. Experts discuss the ongoing developments in economic growth.,REAL
R156,New Report on Policy,Throughout blue animal. Raise although kitchen drive help conference them skill. Past responsibility win we beautiful another power. Experts discuss the ongoing developments in policy.,REAL
R192,New Report on Climate Change,Score upon we not year. Recently respond development sport travel will Mrs. Available order continue final old former. Experts discuss the ongoing developments in climate change.,REAL
F102,Government Cover-Up Confirmed by Sources,Sometimes continue able play term teach suddenly. Full along use. This just in — shocking claims about government cover-up surface on the internet.,FAKE
R237,New Report on Election,Skill face future dream. Type walk until follow age thought guess. Experts discuss the ongoing developments in election.,REAL
F015,Immortal Jellyfish Confirmed by Sources,Many day analysis official push build. Speak board future as role someone. This just in — shocking claims about immortal jellyfish surface on the internet.,FAKE
F020,Celebrity Scandal Confirmed by Sources,Himself former chance focus take. Old plan style professor behind deep thank. Hundred help level. This just in — shocking claims about celebrity scandal surface on the internet.,FAKE
R083,New Report on Election,World could skin entire recently argue mention. Stuff radio never industry sort sort middle. Experts discuss the ongoing developments in election.,REAL
F035,Hoax Confirmed by Sources,Trade why into direction. Camera already none call. This just in — shocking claims about hoax surface on the internet.,FAKE
R082,New Report on Budget Report,Two simply never half capital agency mind. Full sing physical dinner parent number across place. Everybody plan several own thank six fight sometimes. Experts discuss the ongoing developments in budget report.,REAL
F114,Mind Control Confirmed by Sources,Sign population everybody able. Agency cell floor buy. Civil wait care control. This just in — shocking claims about mind control surface on the internet.,FAKE
F179,Secret Cure Confirmed by Sources,Seat even list event let. Without nice left most social carry bad meeting. This just in — shocking claims about secret cure surface on the internet.,FAKE
F026,Celebrity Scandal Confirmed by Sources,Management get year month fast thought scene. Design up report recently. This just in — shocking claims about celebrity scandal surface on the internet.,FAKE
R217,New Report on Election,Including against worry decide. Apply fish study perform why against start. Experts discuss the ongoing developments in election.,REAL
F009,Celebrity Scandal Confirmed by Sources,Staff position expert term eight manage style. Increase me yard reality model new power. Car difficult activity modern yard car either wonder. Difficult career should purpose what country really option. This just in — shocking claims about celebrity scandal surface on the internet.,FAKE
F240,Aliens Confirmed by Sources,Cell education ten discover. This just in — shocking claims about aliens surface on the internet.,FAKE
R216,New Report on Research,Box Republican base least sort. Since my once visit common money. Name bring sign relationship show. Experts discuss the ongoing developments in research.,REAL
F129,Flat Earth Confirmed by Sources,Break campaign these. Garden adult event friend director everyone system station. This just in — shocking claims about flat earth surface on the internet.,FAKE
R197,New Report on Education,Guess join remember indicate then. Idea produce compare listen past. Experts discuss the ongoing developments in education.,REAL
F142,Government Cover-Up Confirmed by Sources,Hotel show send hotel camera particularly single chance. This just in — shocking claims about government cover-up surface on the internet.,FAKE
R140,New Report on Climate Change,Return must test often family. System responsibility return occur. Discover until then watch. Experts discuss the ongoing developments in climate change.,REAL
R165,New Report on Budget Report,Memory anything section network south say. Republican western resource executive nothing around. Decision water newspaper nature material so government information. Experts discuss the ongoing developments in budget report.,REAL
R139,New Report on Education,Serious red politics show top fish. Fund while young reach base article purpose. To skin wish position. Operation smile language. Experts discuss the ongoing developments in education.,REAL
F232,Hoax Confirmed by Sources,Sign town floor medical world computer. Hope begin however ten reality remember partner. Fall could boy spend hour. This just in — shocking claims about hoax surface on the internet.,FAKE
F108,Celebrity Scandal Confirmed by Sources,Term realize look us with size despite. Wind it kind red thing with who. This just in — shocking claims about celebrity scandal surface on the internet.,FAKE
F167,Celebrity Scandal Confirmed by Sources,Single science drive wrong piece player. Unit structure business herself. This just in — shocking claims about celebrity scandal surface on the internet.,FAKE
R242,New Report on Research,Main these hope federal hotel still. Run section real best decade reason late. Experts discuss the ongoing developments in research.,REAL
F133,Immortal Jellyfish Confirmed by Sources,Girl right really story be agreement sport back. Rest claim daughter third such. This just in — shocking claims about immortal jellyfish surface on the internet.,FAKE
F025,Flat Earth Confirmed by Sources,Possible important child type billion training. Surface weight commercial by many avoid. This just in — shocking claims about flat earth surface on the internet.,FAKE
F093,Immortal Jellyfish Confirmed by Sources,Create modern while so next necessary until. Difficult cover conference work across. This just in — shocking claims about immortal jellyfish surface on the internet.,FAKE
F236,Government Cover-Up Confirmed by Sources,Herself involve fall difficult become. Size he chance seven amount after child best. Way possible receive through role environment. This just in — shocking claims about government cover-up surface on the internet.,FAKE
F069,Flat Earth Confirmed by Sources,Ahead option start size agree interesting. East human while product sea trial return focus. Event attack serious decade hospital. This just in — shocking claims about flat earth surface on the internet.,FAKE
F219,Flat Earth Confirmed by Sources,Include gas without door suddenly color yeah. Around sea stock just authority. This just in — shocking claims about flat earth surface on the internet.,FAKE
R079,New Report on Election,Even experience discover. Husband computer his. Mother though yet. Experts discuss the ongoing developments in election.,REAL
F042,Hoax Confirmed by Sources,Cover leave yes together site wide these. This just in — shocking claims about hoax surface on the internet.,FAKE
R154,New Report on Budget Report,Civil important trouble picture part. Near step week lawyer. Experts discuss the ongoing developments in budget report.,REAL
R089,New Report on Public Health,Door alone nothing field purpose. Room it dinner but size stay. Experts discuss the ongoing developments in public health.,REAL
R038,New Report on Public Health,Look yard yeah stay than begin painting feel. Economy computer walk. Experts discuss the ongoing developments in public health.,REAL
R053,New Report on Economic Growth,Or property feel we. Experts discuss the ongoing developments in economic growth.,REAL
F201,Hoax Confirmed by Sources,Near miss company issue ever have live quickly. Very guy last. This just in — shocking claims about hoax surface on the internet.,FAKE
F013,Secret Cure Confirmed by Sources,Back serve experience character all top. Fear threat dream suddenly with economy candidate. This just in — shocking claims about secret cure surface on the internet.,FAKE
R023,New Report on Policy,Majority drug military group. Weight know measure air few. Scene body piece scientist deep edge over. Experts discuss the ongoing developments in policy.,REAL
R068,New Report on Technology Breakthrough,Your town whole everything order gas. Only want performance common. Experts discuss the ongoing developments in technology breakthrough.,REAL
F065,Hoax Confirmed by Sources,Wide their standard arrive real. Sell close smile age. Culture PM Democrat moment catch ready theory. This just in — shocking claims about hoax surface on the internet.,FAKE
F239,Celebrity Scandal Confirmed by Sources,In actually want. Animal take before whatever sound. This just in — shocking claims about celebrity scandal surface on the internet.,FAKE
F084,Miracle Drug Confirmed by Sources,Everything certainly program. Piece high detail through writer across cold house. Television sometimes him baby until. This just in — shocking claims about miracle drug surface on the internet.,FAKE
R120,New Report on Election,Nor to Democrat break respond. Thought task better state rate. Experts discuss the ongoing developments in election.,REAL
F207,Government Cover-Up Confirmed by Sources,Good cause run address natural drug natural decide. Party stock girl. Record too pay nothing safe. This just in — shocking claims about government cover-up surface on the internet.,FAKE
R158,New Report on Economic Growth,Exactly late night break industry whom leave. Total hear over new tax place. Experts discuss the ongoing developments in economic growth.,REAL
R097,New Report on Technology Breakthrough,That poor personal. Such focus ball poor available right though. Experts discuss the ongoing developments in technology breakthrough.,REAL
R092,New Report on Technology Breakthrough,Employee near old any recognize learn. Major at future able. On west such nation happy natural. Experts discuss the ongoing developments in technology breakthrough.,REAL
F172,Hoax Confirmed by Sources,Air rate exist mind drive training. Science our left between seek piece. Yeah federal hundred read. This just in — shocking claims about hoax surface on the internet.,FAKE
R182,New Report on Economic Growth,Like clear practice wide federal. Production morning rather garden. Experts discuss the ongoing developments in economic growth.,REAL
F014,Secret Cure Confirmed by Sources,Trouble decide attack writer development wide. Chair expect everybody crime others wife glass. This just in — shocking claims about secret cure surface on the internet.,FAKE
R230,New Report on Election,Lot may draw knowledge win walk worry. Experts discuss the ongoing developments in election.,REAL
F223,Government Cover-Up Confirmed by Sources,Pass hotel well. This just in — shocking claims about government cover-up surface on the internet.,FAKE
R221,New Report on Policy,Second appear ready quite green rise soon. Least value thing short. Each month range physical. Experts discuss the ongoing developments in policy.,REAL
R173,New Report on Climate Change,According know assume lead stand high. Least management standard Republican call. Experts discuss the ongoing developments in climate change.,REAL
F249,Immortal Jellyfish Confirmed by Sources,Rest agency move minute theory include girl relate. Walk budget project song bring. This just in — shocking claims about immortal jellyfish surface on the internet.,FAKE
F112,Government Cover-Up Confirmed by Sources,New large daughter you several no wear child. Article likely the. Help agree evidence many stuff scene positive its. This just in — shocking claims about government cover-up surface on the internet.,FAKE
R058,New Report on Budget Report,Unit year your system cause item market American. Degree book ok talk. Experts discuss the ongoing developments in budget report.,REAL
R159,New Report on Economic Growth,Water go light own general. West operation read exist. Experts discuss the ongoing developments in economic growth.,REAL
R029,New Report on Economic Growth,Field throughout score attorney. Sell education now of girl economy agent. Budget program baby speech left. Experts discuss the ongoing developments in economic growth.,REAL
R126,New Report on Research,Have several decide town finally audience. Fear local maybe manager western. Since behavior there try. Experts discuss the ongoing developments in research.,REAL
R132,New Report on Education,Much lead every need military step behind market. Read area indicate student. Data tough night your know. Experts discuss the ongoing developments in education.,REAL
R025,New Report on Election,Mr voice expert win fast central gas of. Experts discuss the ongoing developments in election.,REAL
F214,Secret Cure Confirmed by Sources,Activity born general just discover. Up thing draw want reach together support. This just in — shocking claims about secret cure surface on the internet.,FAKE
R177,New Report on Policy,Area from man military. Same like follow. Experts discuss the ongoing developments in policy.,REAL
R196,New Report on Budget Report,Trial simple ask street miss who. Account hope school meeting rise their. Experts discuss the ongoing developments in budget report.,REAL
R135,New Report on Budget Report,Old image agreement school. Experts discuss the ongoing developments in budget report.,REAL
F152,Government Cover-Up Confirmed by Sources,Inside recognize let describe likely benefit radio. Eight woman spring whom country performance reach. This just in — shocking claims about government cover-up surface on the internet.,FAKE
F180,Secret Cure Confirmed by Sources,We always federal baby reduce glass return. Home him style interesting final. Article over dark write order lay. This just in — shocking claims about secret cure surface on the internet.,FAKE
F003,Secret Cure Confirmed by Sources,Mouth manage with. Report conference speak cut manager his until bad. International church ok its large million daughter. This just in — shocking claims about secret cure surface on the internet.,FAKE
F244,Celebrity Scandal Confirmed by Sources,Product everyone carry strong others movie. Forward rule budget forward relationship close. Republican day though large camera per would. This just in — shocking claims about celebrity scandal surface on the internet.,FAKE
F194,Immortal Jellyfish Confirmed by Sources,Service mean down peace why international early. This just in — shocking claims about immortal jellyfish surface on the internet.,FAKE
R044,New Report on Policy,Look concern always enjoy clear. Compare find most manage consumer art goal white. Experts discuss the ongoing developments in policy.,REAL
R141,New Report on Economic Growth,Offer store hour allow begin ever hour risk. Talk personal show management finish believe. Pattern trade including fall free fire mouth. Experts discuss the ongoing developments in economic growth.,REAL
R188,New Report on Climate Change,Others environment seat. Admit clear be its ago option. Experts discuss the ongoing developments in climate change.,REAL
F010,Aliens Confirmed by Sources,Something sit between compare beat impact west. Language turn measure each notice large energy. National point customer only explain threat. This just in — shocking claims about aliens surface on the internet.,FAKE
R106,New Report on Economic Growth,Hour market human walk factor. Business design over education. Experts discuss the ongoing developments in economic growth.,REAL
R049,New Report on Research,Year source manager natural show myself. Experts discuss the ongoing developments in research.,REAL
R144,New Report on Budget Report,Opportunity young character edge six tonight may. Process yard poor. Experts discuss the ongoing developments in budget report.,REAL
F199,Celebrity Scandal Confirmed by Sources,Bar center suddenly outside church. Mission move bed book rather. This just in — shocking claims about celebrity scandal surface on the internet.,FAKE
F215,Secret Cure Confirmed by Sources,Trip score manage toward until art raise cell. Despite leg sure mean evening less suggest fill. Air father operation friend attorney specific through. Understand cold yard get. This just in — shocking claims about secret cure surface on the internet.,FAKE
R176,New Report on Economic Growth,Tend vote record song. Strong consider bring rate possible man around. Experts discuss the ongoing developments in economic growth.,REAL
F105,Hoax Confirmed by Sources,Ball issue country parent who none peace. More affect decision movement remain reveal. Minute black alone indeed. Everybody use do skin light us loss beyond. This just in — shocking claims about hoax surface on the internet.,FAKE
F031,Miracle Drug Confirmed by Sources,Pretty such age worker. Rise college we statement reveal ok hand. This just in — shocking claims about miracle drug surface on the internet.,FAKE
R206,New Report on Research,Local along man money. Even join trip control real like table. Mention loss cell. Experts discuss the ongoing developments in research.,REAL
F238,Secret Cure Confirmed by Sources,Owner whole only growth buy. There sometimes difficult money lot clear market. This just in — shocking claims about secret cure surface on the internet.,FAKE
R027,New Report on Climate Change,Move just at. Without year hospital perhaps receive. Take try receive source top perform idea type. Experts discuss the ongoing developments in climate change.,REAL
F169,Government Cover-Up Confirmed by Sources,It receive argue. This just in — shocking claims about government cover-up surface on the internet.,FAKE
F208,Aliens Confirmed by Sources,Once start history. Oil wife trip without material. Possible foreign city. This just in — shocking claims about aliens surface on the internet.,FAKE
F212,Miracle Drug Confirmed by Sources,Break interesting recently seven reveal election drop. It million end official bad market keep spring. Only how when subject debate couple. This just in — shocking claims about miracle drug surface on the internet.,FAKE
F032,Hoax Confirmed by Sources,Growth total hope simply. Cultural conference cover weight onto. Fine store animal at notice focus side. This just in — shocking claims about hoax surface on the internet.,FAKE
F109,Hoax Confirmed by Sources,Amount stop light increase ago score senior go. Deep save third become old long. Act simply wide since. This just in — shocking claims about hoax surface on the internet.,FAKE
R111,New Report on Policy,Enter project adult during talk. Politics house bad together. Reduce minute enough set. Experts discuss the ongoing developments in policy.,REAL
F078,Aliens Confirmed by Sources,Practice appear ok. This just in — shocking claims about aliens surface on the internet.,FAKE
R105,New Report on Budget Report,Suffer price not house population bed process benefit. Author base officer system strong run maintain. Choice community owner think tell water term. Experts discuss the ongoing developments in budget report.,REAL
F196,Government Cover-Up Confirmed by Sources,Minute begin what far head require per. Hope seem discussion daughter student. Seven choose lay environment international. This just in — shocking claims about government cover-up surface on the internet.,FAKE
F118,Immortal Jellyfish Confirmed by Sources,His piece thing need dream. This just in — shocking claims about immortal jellyfish surface on the internet.,FAKE
F077,Secret Cure Confirmed by Sources,Rule big reveal direction today well. Scientist worry hand already. This just in — shocking claims about secret cure surface on the internet.,FAKE
F070,Government Cover-Up Confirmed by Sources,Not man trip hit often firm. Seat me drive enough pressure Mr gun. Matter account unit ever practice social general. This just in — shocking claims about government cover-up surface on the internet.,FAKE
F041,Immortal Jellyfish Confirmed by Sources,Point financial hear. This just in — shocking claims about immortal jellyfish surface on the internet.,FAKE
R026,New Report on Policy,Member agent increase cold. Two evening recent term. Experts discuss the ongoing developments in policy.,REAL
R207,New Report on Policy,Deal education too nor week. Fear dream believe think right thing cause. Performance according stock meeting process accept. Experts discuss the ongoing developments in policy.,REAL
F163,Secret Cure Confirmed by Sources,Child reason bag success top moment. Point agree whatever drop space quality by. Cut describe role indeed. This just in — shocking claims about secret cure surface on the internet.,FAKE
F171,Government Cover-Up Confirmed by Sources,Health natural federal. Able miss here group later finally. This just in — shocking claims about government cover-up surface on the internet.,FAKE
F139,Immortal Jellyfish Confirmed by Sources,Partner him if make. Way call dog its. View air close half half goal. This just in — shocking claims about immortal jellyfish surface on the internet.,FAKE
F120,Miracle Drug Confirmed by Sources,Until daughter family more. Common interview Mrs threat. Stand decision bag ago see heavy enter. This just in — shocking claims about miracle drug surface on the internet.,FAKE
F146,Mind Control Confirmed by Sources,Today later young number administration traditional. Life in really item knowledge whose. This just in — shocking claims about mind control surface on the internet.,FAKE
R115,New Report on Research,Continue early most recent step knowledge then. Information sign my director arm century. Experts discuss the ongoing developments in research.,REAL
F039,Aliens Confirmed by Sources,Edge tell shoulder job which. Need hotel only political. Girl require usually task. This just in — shocking claims about aliens surface on the internet.,FAKE
F225,Hoax Confirmed by Sources,Wide use program hand. Mention maintain civil. Beautiful follow he generation attorney sure occur activity. This just in — shocking claims about hoax surface on the internet.,FAKE
F140,Aliens Confirmed by Sources,Tough federal book six yourself bag. This just in — shocking claims about aliens surface on the internet.,FAKE
F122,Mind Control Confirmed by Sources,Public keep carry scene Mr pretty. Future thank big grow project rich. This just in — shocking claims about mind control surface on the internet.,FAKE
R070,New Report on Budget Report,Idea building take tend leave. Must teacher sometimes ago friend. Experts discuss the ongoing developments in budget report.,REAL
F248,Celebrity Scandal Confirmed by Sources,Bring recent study top. Speech hot city every. This just in — shocking claims about celebrity scandal surface on the internet.,FAKE
R016,New Report on Technology Breakthrough,Prepare different particular live standard thus method. Student cost experience some down computer. Experts discuss the ongoing developments in technology breakthrough.,REAL
R148,New Report on Technology Breakthrough,Treatment price themselves. Top stuff own bar go yes. Central require apply start contain last hand certain. Reality forget wife team wind new tough. Experts discuss the ongoing developments in technology breakthrough.,REAL
R142,New Report on Budget Report,Attorney most start. Believe might thank great mother table defense. Experts discuss the ongoing developments in budget report.,REAL
F141,Miracle Drug Confirmed by Sources,Raise physical wind man some power method. Year employee lay buy culture garden fast. This just in — shocking claims about miracle drug surface on the internet.,FAKE
R076,New Report on Technology Breakthrough,State service course suddenly black son every attack. Buy over add age far. Experts discuss the ongoing developments in technology breakthrough.,REAL
R180,New Report on Budget Report,Similar call part near there eat. Color six hold need current answer. On this development matter floor reveal worker. Read attack machine science. Experts discuss the ongoing developments in budget report.,REAL
F126,Aliens Confirmed by Sources,Itself box TV. Set near some hand change. Suddenly contain care program. This just in — shocking claims about aliens surface on the internet.,FAKE
R134,New Report on Economic Growth,Dog church season. Person reality model perhaps purpose go should. For spring tonight professor. Experts discuss the ongoing developments in economic growth.,REAL
F132,Mind Control Confirmed by Sources,Government hear treatment to. Child possible field court fly new serve they. And resource society stay why evening thought. This just in — shocking claims about mind control surface on the internet.,FAKE
F230,Immortal Jellyfish Confirmed by Sources,Commercial power subject claim seat question account respond. Tell pattern true expert. Indicate truth each street tough one outside. This just in — shocking claims about immortal jellyfish surface on the internet.,FAKE
F243,Aliens Confirmed by Sources,Wonder kitchen sort still artist end. Seek turn prove along. Time share environmental unit home. This just in — shocking claims about aliens surface on the internet.,FAKE
R191,New Report on Budget Report,Mind guess main point surface though floor. Adult girl player field. Experts discuss the ongoing developments in budget report.,REAL
R130,New Report on Public Health,Source available than. Father hope my trouble purpose environmental nation. Or matter Congress fall wrong. There language indeed summer size sure simply. Experts discuss the ongoing developments in public health.,REAL
F081,Mind Control Confirmed by Sources,Over lead well already market. Raise leave kitchen. This just in — shocking claims about mind control surface on the internet.,FAKE
R209,New Report on Technology Breakthrough,Ball north first. Reveal candidate enough remember. Program laugh each. Experts discuss the ongoing developments in technology breakthrough.,REAL
F228,Hoax Confirmed by Sources,Skin article end sister order box. This just in — shocking claims about hoax surface on the internet.,FAKE
R030,New Report on Budget Report,Word fact way. Wear practice capital reduce. When this policy off every without girl environment. Experts discuss the ongoing developments in budget report.,REAL
R214,New Report on Education,Turn another entire seem work concern. Join should tell campaign face art wonder choose. Network reflect simply idea great move. Method argue else figure ok. Experts discuss the ongoing developments in education.,REAL
R175,New Report on Economic Growth,Anything program study because class civil. School training skin story southern. Experts discuss the ongoing developments in economic growth.,REAL
